Date,Close
2/1/2014,74.57
3/1/2014,75.1
6/1/2014,74.24
7/1/2014,76.51
8/1/2014,75.62
9/1/2014,76.08
10/1/2014,74.7
13/1/2014,73.94
14/1/2014,74.02
15/1/2014,74.84
16/1/2014,72.76
17/1/2014,72.52
21/1/2014,73.16
22/1/2014,73.4
23/1/2014,73.2
24/1/2014,71.6
27/1/2014,71.65
28/1/2014,71.71
29/1/2014,71.26
30/1/2014,72.8
31/1/2014,72.28
3/2/2014,70.74
4/2/2014,70.51
5/2/2014,70.82
6/2/2014,70.87
7/2/2014,71.36
10/2/2014,69.74
11/2/2014,70.62
12/2/2014,70.24
13/2/2014,71.21
14/2/2014,73.52
18/2/2014,73.83
19/2/2014,73.55
20/2/2014,73.48
21/2/2014,73.81
24/2/2014,76.01
25/2/2014,75.32
26/2/2014,76.06
27/2/2014,76.02
28/2/2014,77.27
3/3/2014,77.1
4/3/2014,78.13
5/3/2014,77.99
6/3/2014,77.64
7/3/2014,77.4
10/3/2014,77.88
11/3/2014,77.78
12/3/2014,77.6
13/3/2014,77.01
14/3/2014,75.7
17/3/2014,76.76
18/3/2014,78
19/3/2014,79.96
20/3/2014,81.53
21/3/2014,81.34
24/3/2014,81.28
25/3/2014,81.1
26/3/2014,81.54
27/3/2014,81.02
28/3/2014,81.62
31/3/2014,81.99
1/4/2014,81.84
2/4/2014,81.61
3/4/2014,82.25
4/4/2014,81.53
7/4/2014,81.08
8/4/2014,80.66
9/4/2014,81.39
10/4/2014,79.99
11/4/2014,78.95
14/4/2014,79.18
15/4/2014,79.51
16/4/2014,78.19
17/4/2014,75.78
21/4/2014,74.95
22/4/2014,75.76
23/4/2014,75.33
24/4/2014,76.59
25/4/2014,75.66
28/4/2014,75.74
29/4/2014,75.2
30/4/2014,75.04
1/5/2014,74.95
2/5/2014,75.03
5/5/2014,75.23
6/5/2014,75.26
7/5/2014,77.91
8/5/2014,76.89
9/5/2014,76.95
12/5/2014,77.74
13/5/2014,78.04
14/5/2014,77.17
15/5/2014,76.48
16/5/2014,76.65
19/5/2014,77.2
20/5/2014,76.66
21/5/2014,77.72
22/5/2014,78.34
23/5/2014,78.77
27/5/2014,79.11
28/5/2014,78.58
29/5/2014,79.37
30/5/2014,79.63
2/6/2014,79.47
3/6/2014,79.88
4/6/2014,80.51
5/6/2014,79.8
6/6/2014,79.93
9/6/2014,79.76
10/6/2014,79.81
11/6/2014,80.17
12/6/2014,79.44
13/6/2014,79.18
16/6/2014,78
17/6/2014,78.17
18/6/2014,79.21
19/6/2014,80.51
20/6/2014,81.41
23/6/2014,81.49
24/6/2014,81.74
25/6/2014,82.34
26/6/2014,82.29
27/6/2014,82
30/6/2014,81.75
1/7/2014,81.89
2/7/2014,82.49
3/7/2014,83.35
7/7/2014,82.22
8/7/2014,81.93
9/7/2014,82.74
10/7/2014,82.08
11/7/2014,82.87
14/7/2014,84.27
15/7/2014,83.9
16/7/2014,83.76
17/7/2014,85.11
18/7/2014,85.52
21/7/2014,85.06
22/7/2014,86.05
23/7/2014,85.94
24/7/2014,85.68
25/7/2014,84.68
28/7/2014,85.75
29/7/2014,84.27
30/7/2014,82.95
31/7/2014,81.05
1/8/2014,81.49
4/8/2014,82.27
5/8/2014,80.99
6/8/2014,81.5
7/8/2014,79.26
8/8/2014,80.12
11/8/2014,79.87
12/8/2014,80.22
13/8/2014,81.51
14/8/2014,81.82
15/8/2014,81.47
18/8/2014,82.34
19/8/2014,83.47
20/8/2014,83.43
21/8/2014,83.77
22/8/2014,83.78
25/8/2014,84.24
26/8/2014,85.12
27/8/2014,86.38
28/8/2014,86.34
29/8/2014,86.68
2/9/2014,86.39
3/9/2014,86.79
4/9/2014,87.06
5/9/2014,87.75
8/9/2014,87.91
9/9/2014,88.56
10/9/2014,87.25
11/9/2014,87.08
12/9/2014,86.18
15/9/2014,86.03
16/9/2014,87.16
17/9/2014,86.99
18/9/2014,87.63
19/9/2014,87.8
22/9/2014,87.77
23/9/2014,86.59
24/9/2014,88.21
25/9/2014,86.18
26/9/2014,86.6
29/9/2014,86.51
30/9/2014,86.25
1/10/2014,84.88
2/10/2014,84.9
3/10/2014,86.02
6/10/2014,85.09
7/10/2014,84.19
8/10/2014,86.62
9/10/2014,84.94
10/10/2014,85.39
13/10/2014,83.95
14/10/2014,82.82
15/10/2014,82.16
16/10/2014,85.39
17/10/2014,88.18
20/10/2014,88.54
21/10/2014,90.95
22/10/2014,89.77
23/10/2014,90.66
24/10/2014,91.64
27/10/2014,92.13
28/10/2014,92.64
29/10/2014,92.96
30/10/2014,93.88
31/10/2014,95.01
3/11/2014,94.86
4/11/2014,94.98
5/11/2014,95.8
6/11/2014,96.21
7/11/2014,93.61
10/11/2014,94.75
11/11/2014,95.69
12/11/2014,95.68
13/11/2014,95.9
14/11/2014,95.11
17/11/2014,96.47
18/11/2014,98.19
19/11/2014,96.86
20/11/2014,96.85
21/11/2014,96.71
24/11/2014,96.9
25/11/2014,97.9
26/11/2014,98.11
28/11/2014,98.63
1/12/2014,99.06
2/12/2014,99.83
3/12/2014,100.8
4/12/2014,99.67
5/12/2014,100.33
8/12/2014,99.92
9/12/2014,101.02
10/12/2014,99.09
11/12/2014,99.73
12/12/2014,98.76
15/12/2014,98.27
16/12/2014,95.85
17/12/2014,99.14
18/12/2014,102.24
19/12/2014,102.49
22/12/2014,103.04
23/12/2014,102.85
24/12/2014,102.68
26/12/2014,102.55
29/12/2014,102.33
30/12/2014,102.85
31/12/2014,101.09
2/1/2015,100.78
5/1/2015,99.12
6/1/2015,98.92
7/1/2015,99.93
8/1/2015,104.7
9/1/2015,103.72
12/1/2015,102.55
13/1/2015,103.07
14/1/2015,103.33
15/1/2015,104.46
16/1/2015,105.77
20/1/2015,105.62
21/1/2015,109.32
22/1/2015,113.85
23/1/2015,112
26/1/2015,111.61
27/1/2015,110.01
28/1/2015,108.46
29/1/2015,109.39
30/1/2015,106.25
2/2/2015,107.29
3/2/2015,107.81
4/2/2015,107.92
5/2/2015,108.82
6/2/2015,107.6
9/2/2015,106.49
10/2/2015,108.97
11/2/2015,109.85
12/2/2015,109.84
13/2/2015,109.44
17/2/2015,109.76
18/2/2015,109.77
19/2/2015,110.03
20/2/2015,112.62
23/2/2015,116.4
24/2/2015,115.43
25/2/2015,114.05
26/2/2015,113.66
27/2/2015,113.63
2/3/2015,114.4
3/3/2015,112.86
4/3/2015,113.82
5/3/2015,114.79
6/3/2015,112.88
9/3/2015,114.9
10/3/2015,112.46
11/3/2015,112.72
12/3/2015,114.88
13/3/2015,115.25
16/3/2015,118.52
17/3/2015,117.6
18/3/2015,119.96
19/3/2015,120.76
20/3/2015,119.14
23/3/2015,119.04
24/3/2015,118.12
25/3/2015,116.54
26/3/2015,116.25
27/3/2015,118.01
30/3/2015,121
31/3/2015,118.29
1/4/2015,117.45
2/4/2015,117.36
6/4/2015,117.7
7/4/2015,117.35
8/4/2015,118.19
9/4/2015,118.55
10/4/2015,119
13/4/2015,119.37
14/4/2015,119.92
15/4/2015,117.32
16/4/2015,121.6
17/4/2015,118.71
20/4/2015,118.58
21/4/2015,119.28
22/4/2015,117.81
23/4/2015,118.26
24/4/2015,118.69
27/4/2015,116.24
28/4/2015,117.59
29/4/2015,113.61
30/4/2015,111.4
1/5/2015,113.2
4/5/2015,114.56
5/5/2015,113.37
6/5/2015,113.49
7/5/2015,114.76
8/5/2015,115.68
11/5/2015,114.77
12/5/2015,114.64
13/5/2015,115.86
14/5/2015,118.53
15/5/2015,119.33
18/5/2015,119.8
19/5/2015,120.55
20/5/2015,121.24
21/5/2015,120.46
22/5/2015,119.59
26/5/2015,118.24
27/5/2015,119.45
28/5/2015,119.62
29/5/2015,120.21
1/6/2015,119.86
2/6/2015,117.75
3/6/2015,118.35
4/6/2015,116.65
5/6/2015,116.53
8/6/2015,116.91
9/6/2015,116.99
10/6/2015,118.55
11/6/2015,119.32
12/6/2015,117.65
15/6/2015,118.98
16/6/2015,121.55
17/6/2015,119.74
18/6/2015,120.89
19/6/2015,120.33
22/6/2015,120.25
23/6/2015,122.74
24/6/2015,119.17
25/6/2015,122.33
26/6/2015,123.25
29/6/2015,121.19
30/6/2015,122
1/7/2015,123.38
2/7/2015,121.81
6/7/2015,122.16
7/7/2015,120.7
8/7/2015,118.78
9/7/2015,119.34
10/7/2015,122.15
13/7/2015,122.45
14/7/2015,125
15/7/2015,125.86
16/7/2015,124.93
17/7/2015,123.85
20/7/2015,122.65
21/7/2015,120.86
22/7/2015,120.61
23/7/2015,119.33
24/7/2015,117.94
27/7/2015,117.88
28/7/2015,121.52
29/7/2015,121.52
30/7/2015,120.56
31/7/2015,121.4
3/8/2015,120.89
4/8/2015,120.84
5/8/2015,123.92
6/8/2015,122.04
7/8/2015,121.82
10/8/2015,122.48
11/8/2015,122.26
12/8/2015,121.2
13/8/2015,120.52
14/8/2015,121.02
17/8/2015,123.82
18/8/2015,125.5
19/8/2015,123.22
20/8/2015,119.79
21/8/2015,116.28
24/8/2015,110.43
25/8/2015,109.98
26/8/2015,113.46
27/8/2015,117.77
28/8/2015,117.28
31/8/2015,115.7
1/9/2015,112.63
2/9/2015,114.23
3/9/2015,113.99
4/9/2015,112.36
8/9/2015,116.09
9/9/2015,115.08
10/9/2015,116.77
11/9/2015,118.7
14/9/2015,117.8
15/9/2015,120.03
16/9/2015,121.15
17/9/2015,123.26
18/9/2015,122.47
21/9/2015,123.94
22/9/2015,122.93
23/9/2015,123.28
24/9/2015,121.09
25/9/2015,116.37
28/9/2015,112.7
29/9/2015,114.22
30/9/2015,116.01
1/10/2015,116.61
2/10/2015,118.83
5/10/2015,119.65
6/10/2015,116.05
7/10/2015,116.43
8/10/2015,116.08
9/10/2015,119.27
12/10/2015,122.51
13/10/2015,123.99
14/10/2015,122.07
15/10/2015,120.17
16/10/2015,119.98
19/10/2015,120.73
20/10/2015,120.42
21/10/2015,118.11
22/10/2015,113.81
23/10/2015,115.92
26/10/2015,116.53
27/10/2015,119.37
28/10/2015,119.78
29/10/2015,119.71
30/10/2015,117.78
2/11/2015,118.69
3/11/2015,117.66
4/11/2015,114.64
5/11/2015,116.23
6/11/2015,114.81
9/11/2015,114.26
10/11/2015,115.89
11/11/2015,114.54
12/11/2015,112.82
13/11/2015,111.41
16/11/2015,113.82
17/11/2015,114.39
18/11/2015,117.25
19/11/2015,110.63
20/11/2015,112.97
23/11/2015,112.16
24/11/2015,113.19
25/11/2015,114.41
27/11/2015,114.34
30/11/2015,112.71
1/12/2015,116.26
2/12/2015,117.64
3/12/2015,115
4/12/2015,117.74
7/12/2015,115.91
8/12/2015,115.88
9/12/2015,115.05
10/12/2015,116.21
11/12/2015,115.98
14/12/2015,115.85
15/12/2015,117.61
16/12/2015,118.83
17/12/2015,119.22
18/12/2015,115.82
21/12/2015,117.41
22/12/2015,117.44
23/12/2015,118.69
24/12/2015,118.34
28/12/2015,118.33
29/12/2015,119.82
30/12/2015,118.92
31/12/2015,117.64
4/1/2016,116.46
5/1/2016,116.68
6/1/2016,115.49
7/1/2016,112.09
8/1/2016,110.16
11/1/2016,109.58
12/1/2016,112.26
13/1/2016,109.23
14/1/2016,110.76
15/1/2016,109.27
19/1/2016,112.58
20/1/2016,114.79
21/1/2016,113.5
22/1/2016,114.33
25/1/2016,113.38
26/1/2016,113.96
27/1/2016,112.33
28/1/2016,111.38
29/1/2016,115.16
1/2/2016,115.89
2/2/2016,113.88
3/2/2016,112.75
4/2/2016,114.2
5/2/2016,111.72
8/2/2016,110.02
9/2/2016,111.16
10/2/2016,112.74
11/2/2016,110.62
12/2/2016,111.82
16/2/2016,115.15
17/2/2016,118.3
18/2/2016,117.45
19/2/2016,117.68
22/2/2016,121.27
23/2/2016,121.15
24/2/2016,120.2
25/2/2016,121.2
26/2/2016,121.33
29/2/2016,119.1
1/3/2016,121.67
2/3/2016,121.27
3/3/2016,121.82
4/3/2016,121.8
7/3/2016,121.76
8/3/2016,121.66
9/3/2016,121.1
10/3/2016,122.09
11/3/2016,125.1
14/3/2016,125.22
15/3/2016,124.85
16/3/2016,124.9
17/3/2016,124.53
18/3/2016,126.72
21/3/2016,126.74
22/3/2016,128.02
23/3/2016,129.79
24/3/2016,128.59
28/3/2016,128.92
29/3/2016,129.83
30/3/2016,129.68
31/3/2016,128.9
1/4/2016,129.92
4/4/2016,129.49
5/4/2016,127.04
6/4/2016,128.03
7/4/2016,126.87
8/4/2016,125.68
11/4/2016,126.33
12/4/2016,126.8
13/4/2016,127.76
14/4/2016,127.98
15/4/2016,127.33
18/4/2016,127.81
19/4/2016,130.5
20/4/2016,133.93
21/4/2016,132.96
22/4/2016,134.13
25/4/2016,133.78
26/4/2016,134.24
27/4/2016,132.8
28/4/2016,132.07
29/4/2016,131.68
2/5/2016,132.1
3/5/2016,132.46
4/5/2016,132.03
5/5/2016,132.31
6/5/2016,132.04
9/5/2016,132.67
10/5/2016,133.57
11/5/2016,130.69
12/5/2016,129.74
13/5/2016,129
16/5/2016,130.64
17/5/2016,129.56
18/5/2016,130.51
19/5/2016,130
20/5/2016,130.94
23/5/2016,130.42
24/5/2016,132.59
25/5/2016,133.42
26/5/2016,132.98
27/5/2016,134
31/5/2016,133.67
1/6/2016,134.53
2/6/2016,136.04
3/6/2016,136.84
6/6/2016,138.15
7/6/2016,136.94
8/6/2016,140.4
9/6/2016,140.68
10/6/2016,139.24
13/6/2016,138.09
14/6/2016,137.87
15/6/2016,137.26
16/6/2016,138.66
17/6/2016,137.69
20/6/2016,138.52
21/6/2016,138.19
22/6/2016,137.9
23/6/2016,139.19
24/6/2016,137.29
27/6/2016,137.11
28/6/2016,138.71
29/6/2016,140.52
30/6/2016,141.2
1/7/2016,140.86
5/7/2016,141.56
6/7/2016,142.38
7/7/2016,140.8
8/7/2016,141.27
11/7/2016,140.32
12/7/2016,139.86
13/7/2016,141.48
14/7/2016,140.84
15/7/2016,141.33
18/7/2016,140.75
19/7/2016,142.59
20/7/2016,143.02
21/7/2016,142.87
22/7/2016,143.69
25/7/2016,141.73
26/7/2016,141.7
27/7/2016,141.68
28/7/2016,142.76
29/7/2016,143.2
1/8/2016,143.51
2/8/2016,143.17
3/8/2016,142.88
4/8/2016,142.71
5/8/2016,142.99
8/8/2016,142.13
9/8/2016,141.82
10/8/2016,142.19
11/8/2016,142.63
12/8/2016,142.88
15/8/2016,141.62
16/8/2016,141.08
17/8/2016,141.71
18/8/2016,142.17
19/8/2016,142.04
22/8/2016,142.09
23/8/2016,142.01
24/8/2016,139.87
25/8/2016,137.3
26/8/2016,136.62
29/8/2016,137.27
30/8/2016,136.87
31/8/2016,136.05
1/9/2016,135.74
2/9/2016,136.61
6/9/2016,135.97
7/9/2016,134.99
8/9/2016,135.44
9/9/2016,133.62
12/9/2016,135.53
13/9/2016,133.95
14/9/2016,133.69
15/9/2016,135.61
16/9/2016,138.47
19/9/2016,137.68
20/9/2016,137.47
21/9/2016,139.91
22/9/2016,141.04
23/9/2016,140.51
26/9/2016,139.72
27/9/2016,140.79
28/9/2016,140.41
29/9/2016,138.32
30/9/2016,140
3/10/2016,138.49
4/10/2016,138.16
5/10/2016,137.6
6/10/2016,136.47
7/10/2016,136.66
10/10/2016,138.08
11/10/2016,134.75
12/10/2016,135.1
13/10/2016,134.19
14/10/2016,133.92
17/10/2016,134.13
18/10/2016,143.39
19/10/2016,144.37
20/10/2016,145.07
21/10/2016,145.37
24/10/2016,144.69
25/10/2016,143.78
26/10/2016,142.23
27/10/2016,141.94
28/10/2016,140.35
31/10/2016,141.33
1/11/2016,139.43
2/11/2016,138.98
3/11/2016,137.83
4/11/2016,137.71
7/11/2016,141.93
8/11/2016,142.9
9/11/2016,141.9
10/11/2016,146.13
11/11/2016,146.42
14/11/2016,152.28
15/11/2016,152.23
16/11/2016,151.5
17/11/2016,150.77
18/11/2016,149.45
21/11/2016,150.41
22/11/2016,152.26
23/11/2016,153.54
25/11/2016,152.81
28/11/2016,152.11
29/11/2016,157.59
30/11/2016,158.32
1/12/2016,160.94
2/12/2016,160.73
5/12/2016,157.63
6/12/2016,157.32
7/12/2016,159.4
8/12/2016,159.32
9/12/2016,160.12
12/12/2016,159.49
13/12/2016,160.54
14/12/2016,159.86
15/12/2016,160.62
16/12/2016,163.94
19/12/2016,161.54
20/12/2016,161.59
21/12/2016,161.33
22/12/2016,161.58
23/12/2016,163.03
27/12/2016,162.64
28/12/2016,161.44
29/12/2016,161.04
30/12/2016,160.04
3/1/2017,161.45
4/1/2017,161.91
5/1/2017,162.18
6/1/2017,162.41
9/1/2017,161.95
10/1/2017,161.58
11/1/2017,161.89
12/1/2017,162.36
13/1/2017,161.8
17/1/2017,160.66
18/1/2017,157.74
19/1/2017,158.7
20/1/2017,158.66
23/1/2017,159.07
24/1/2017,160.43
25/1/2017,161.24
26/1/2017,162.75
27/1/2017,162.99
30/1/2017,162.09
31/1/2017,162.1
1/2/2017,162.71
2/2/2017,160.76
3/2/2017,161.87
6/2/2017,160.51
7/2/2017,160.53
8/2/2017,160.31
9/2/2017,160.44
10/2/2017,160.75
13/2/2017,161.99
14/2/2017,163.13
15/2/2017,164.29
16/2/2017,163.65
17/2/2017,157.62
21/2/2017,160.57
22/2/2017,160.57
23/2/2017,162.6
24/2/2017,163.06
27/2/2017,165.38
28/2/2017,165.38
1/3/2017,167.94
2/3/2017,167.31
3/3/2017,168.2
6/3/2017,168.7
7/3/2017,168.3
8/3/2017,167.91
9/3/2017,168.01
10/3/2017,169.98
13/3/2017,170.21
14/3/2017,169.06
15/3/2017,171.78
16/3/2017,171.3
17/3/2017,169.7
20/3/2017,168
21/3/2017,167.7
22/3/2017,167.03
23/3/2017,165.29
24/3/2017,165
27/3/2017,164.6
28/3/2017,165.35
29/3/2017,163.44
30/3/2017,164.99
31/3/2017,164.01
3/4/2017,165.59
4/4/2017,164.97
5/4/2017,165.37
6/4/2017,165.34
7/4/2017,166.02
10/4/2017,165.48
11/4/2017,165.83
12/4/2017,165.56
13/4/2017,164.96
17/4/2017,167.18
18/4/2017,168.59
19/4/2017,169.25
20/4/2017,171.54
21/4/2017,171.16
24/4/2017,172.33
25/4/2017,174.04
26/4/2017,174.38
27/4/2017,174.63
28/4/2017,174.88
1/5/2017,174.59
2/5/2017,174.14
3/5/2017,172.54
4/5/2017,174.02
5/5/2017,174.12
8/5/2017,174.44
9/5/2017,173.24
10/5/2017,173.39
11/5/2017,173.32
12/5/2017,171.81
15/5/2017,171.53
16/5/2017,168.12
17/5/2017,168.86
18/5/2017,171.45
19/5/2017,172.59
22/5/2017,174.7
23/5/2017,175.22
24/5/2017,175.59
25/5/2017,178.05
26/5/2017,177.5
30/5/2017,176.59
31/5/2017,175.18
1/6/2017,179.58
2/6/2017,179.39
5/6/2017,179.37
6/6/2017,180.82
7/6/2017,183.21
8/6/2017,181.69
9/6/2017,181.46
12/6/2017,179.25
13/6/2017,181.05
14/6/2017,182.36
15/6/2017,180.38
16/6/2017,181.63
19/6/2017,183.02
20/6/2017,183.27
21/6/2017,184.92
22/6/2017,186.5
23/6/2017,185.25
26/6/2017,185.12
27/6/2017,184.6
28/6/2017,185.7
29/6/2017,185.27
30/6/2017,185.42
3/7/2017,186.65
5/7/2017,188.25
6/7/2017,186.94
7/7/2017,187.96
10/7/2017,186.95
11/7/2017,185.95
12/7/2017,186.69
13/7/2017,185.48
14/7/2017,186.9
17/7/2017,186.35
18/7/2017,186.85
19/7/2017,189.19
20/7/2017,191.5
21/7/2017,191.78
24/7/2017,190.89
25/7/2017,190.4
26/7/2017,190.75
27/7/2017,188.93
28/7/2017,191.15
31/7/2017,191.81
1/8/2017,192.23
2/8/2017,193
3/8/2017,194.77
4/8/2017,194.88
7/8/2017,194.78
8/8/2017,194.9
9/8/2017,194.83
10/8/2017,192.57
11/8/2017,193.02
14/8/2017,193.71
15/8/2017,194.5
16/8/2017,193.77
17/8/2017,192.7
18/8/2017,190.82
21/8/2017,192.03
22/8/2017,194.79
23/8/2017,194.24
24/8/2017,194.75
25/8/2017,194.36
28/8/2017,195.09
29/8/2017,196.73
30/8/2017,195.88
31/8/2017,198.9
1/9/2017,199.75
5/9/2017,199.31
6/9/2017,198.38
7/9/2017,198.17
8/9/2017,197.75
11/9/2017,199.58
12/9/2017,197.47
13/9/2017,198.33
14/9/2017,197.73
15/9/2017,198.18
18/9/2017,198.19
19/9/2017,194.65
20/9/2017,195.75
21/9/2017,195.21
22/9/2017,193.03
25/9/2017,191.75
26/9/2017,192.7
27/9/2017,194.49
28/9/2017,196.1
29/9/2017,195.85
2/10/2017,197.44
3/10/2017,198.63
4/10/2017,200.48
5/10/2017,197.9
6/10/2017,198.06
9/10/2017,196.3
10/10/2017,194.68
11/10/2017,195.26
12/10/2017,192.92
13/10/2017,192.52
16/10/2017,193.2
17/10/2017,203.89
18/10/2017,205.23
19/10/2017,203.25
20/10/2017,207.49
23/10/2017,207.01
24/10/2017,208.15
25/10/2017,207.56
26/10/2017,209.15
27/10/2017,212.6
30/10/2017,209.39
31/10/2017,210.22
1/11/2017,209.53
2/11/2017,211.1
3/11/2017,212.87
6/11/2017,212.12
7/11/2017,212.7
8/11/2017,210.77
9/11/2017,211.56
10/11/2017,211.07
13/11/2017,212.66
14/11/2017,211.71
15/11/2017,209.86
16/11/2017,211.13
17/11/2017,209.9
20/11/2017,210.25
21/11/2017,212.6
22/11/2017,211.22
24/11/2017,212.51
27/11/2017,212.4
28/11/2017,216.14
29/11/2017,222.88
30/11/2017,228.17
1/12/2017,226.78
4/12/2017,221.42
5/12/2017,220.09
6/12/2017,219.94
7/12/2017,220.15
8/12/2017,223.91
11/12/2017,222.77
12/12/2017,222.49
13/12/2017,224.35
14/12/2017,221.25
15/12/2017,221.82
18/12/2017,222.67
19/12/2017,222.04
20/12/2017,222.38
21/12/2017,221.69
22/12/2017,220
26/12/2017,219.6
27/12/2017,220.42
28/12/2017,222.77
29/12/2017,220.46
2/1/2018,221.16
3/1/2018,223.48
4/1/2018,224.45
5/1/2018,228.73
8/1/2018,224.76
9/1/2018,225.88
10/1/2018,224.2
11/1/2018,225.39
12/1/2018,228.64
16/1/2018,232.9
17/1/2018,238.43
18/1/2018,243.16
19/1/2018,243.35
22/1/2018,243.56
23/1/2018,245.21
24/1/2018,244.85
25/1/2018,245.18
26/1/2018,248.47
29/1/2018,247.41
30/1/2018,236.65
31/1/2018,236.78
1/2/2018,235.22
2/2/2018,231.88
5/2/2018,220.02
6/2/2018,225.18
7/2/2018,225.82
8/2/2018,216.46
9/2/2018,220.96
12/2/2018,225.69
13/2/2018,226.64
14/2/2018,228.78
15/2/2018,226.02
16/2/2018,229.37
20/2/2018,226.66
21/2/2018,225.13
22/2/2018,227.09
23/2/2018,230.16
26/2/2018,234.06
27/2/2018,232.52
28/2/2018,226.16
1/3/2018,224.45
2/3/2018,225.19
5/3/2018,228.38
6/3/2018,226.18
7/3/2018,227.27
8/3/2018,224.73
9/3/2018,225.43
12/3/2018,222.77
13/3/2018,226.94
14/3/2018,225.38
15/3/2018,229.48
16/3/2018,227.86
19/3/2018,225.05
20/3/2018,226.78
21/3/2018,222.82
22/3/2018,215.21
23/3/2018,212.55
26/3/2018,219.07
27/3/2018,217.96
28/3/2018,218.5
29/3/2018,214
2/4/2018,217.2
3/4/2018,224.58
4/4/2018,228.79
5/4/2018,229.07
6/4/2018,223.96
9/4/2018,222.73
10/4/2018,226.79
11/4/2018,221.9
12/4/2018,224.24
13/4/2018,224.28
16/4/2018,230.32
17/4/2018,238.55
18/4/2018,236.4
19/4/2018,235.76
20/4/2018,235.06
23/4/2018,234.34
24/4/2018,234.22
25/4/2018,234.9
26/4/2018,237.03
27/4/2018,240.18
30/4/2018,236.4
1/5/2018,236.85
2/5/2018,233.46
3/5/2018,234.15
4/5/2018,235.9
7/5/2018,233.78
8/5/2018,232.03
9/5/2018,229.21
10/5/2018,233.71
11/5/2018,238.28
14/5/2018,242.9
15/5/2018,239.5
16/5/2018,241.72
17/5/2018,242.96
18/5/2018,244.64
21/5/2018,247.9
22/5/2018,245.18
23/5/2018,244.26
24/5/2018,242.73
25/5/2018,244.95
29/5/2018,242.17
30/5/2018,244.94
31/5/2018,241.51
1/6/2018,243.35
4/6/2018,244.63
5/6/2018,244.43
6/6/2018,248.65
7/6/2018,248.98
8/6/2018,250.68
11/6/2018,253.78
12/6/2018,253.58
13/6/2018,252.87
14/6/2018,255.33
15/6/2018,255.98
18/6/2018,254.87
19/6/2018,253.02
20/6/2018,252.81
21/6/2018,251.89
22/6/2018,254.37
25/6/2018,250.71
26/6/2018,249.77
27/6/2018,248.17
28/6/2018,244.9
29/6/2018,245.34
2/7/2018,247.48
3/7/2018,246.98
5/7/2018,250.5
6/7/2018,250.76
9/7/2018,253.67
10/7/2018,255.54
11/7/2018,254.59
12/7/2018,256.05
13/7/2018,258.7
16/7/2018,256.98
17/7/2018,250.29
18/7/2018,255.42
19/7/2018,252.93
20/7/2018,252.7
23/7/2018,252.74
24/7/2018,253.76
25/7/2018,254.86
26/7/2018,257
27/7/2018,255.95
30/7/2018,253.84
31/7/2018,253.22
1/8/2018,253.37
2/8/2018,256.08
3/8/2018,257.22
6/8/2018,256.76
7/8/2018,257.65
8/8/2018,258.81
9/8/2018,261.59
10/8/2018,260.36
13/8/2018,260.91
14/8/2018,263.48
15/8/2018,260.61
16/8/2018,263.1
17/8/2018,262.33
20/8/2018,262.4
21/8/2018,261.69
22/8/2018,260.74
23/8/2018,261.42
24/8/2018,264.28
27/8/2018,267.08
28/8/2018,268.51
29/8/2018,269
30/8/2018,268.39
31/8/2018,268.46
4/9/2018,268.51
5/9/2018,267.64
6/9/2018,269.65
7/9/2018,268.28
10/9/2018,259.73
11/9/2018,261.04
12/9/2018,262.67
13/9/2018,265.49
14/9/2018,265.31
17/9/2018,263.87
18/9/2018,263.29
19/9/2018,265.33
20/9/2018,266.39
21/9/2018,266.67
24/9/2018,267.36
25/9/2018,263.51
26/9/2018,262.91
27/9/2018,264.65
28/9/2018,266.04
1/10/2018,269.1
2/10/2018,270.63
3/10/2018,270.9
4/10/2018,268.32
5/10/2018,269.2
8/10/2018,269.01
9/10/2018,270.11
10/10/2018,263.08
11/10/2018,257.12
12/10/2018,259.61
15/10/2018,260.25
16/10/2018,272.57
17/10/2018,267.3
18/10/2018,266.81
19/10/2018,265.3
22/10/2018,262.19
23/10/2018,264.86
24/10/2018,256.32
25/10/2018,264.24
26/10/2018,258.18
29/10/2018,256.52
30/10/2018,258.28
31/10/2018,261.35
1/11/2018,260.93
2/11/2018,261.01
5/11/2018,261.01
6/11/2018,263.54
7/11/2018,274.63
8/11/2018,276.65
9/11/2018,276.55
12/11/2018,272.38
13/11/2018,269.22
14/11/2018,264.96
15/11/2018,264.94
16/11/2018,271.11
19/11/2018,266.05
20/11/2018,261.5
21/11/2018,260.55
23/11/2018,261.62
26/11/2018,266.16
27/11/2018,271.15
28/11/2018,280.95
29/11/2018,282.55
30/11/2018,281.36
3/12/2018,286.33
4/12/2018,278.55
6/12/2018,276.85
7/12/2018,269.18
10/12/2018,266.53
11/12/2018,267.22
12/12/2018,270.64
13/12/2018,272.15
14/12/2018,265.02
17/12/2018,258.07
18/12/2018,252.97
19/12/2018,250.31
20/12/2018,242.44
21/12/2018,238.34
24/12/2018,232.94
26/12/2018,243.35
27/12/2018,245.97
28/12/2018,246.24
31/12/2018,249.12
2/1/2019,243.49
3/1/2019,236.85
4/1/2019,239.62
7/1/2019,240.08
8/1/2019,243.29
9/1/2019,243.64
10/1/2019,244.87
11/1/2019,247.67
14/1/2019,248.06
15/1/2019,256.87
16/1/2019,261.46
17/1/2019,259.77
18/1/2019,265.5
22/1/2019,265.69
23/1/2019,267.02
24/1/2019,266.13
25/1/2019,268.05
28/1/2019,266.77
29/1/2019,267.34
30/1/2019,270.37
31/1/2019,270.2
1/2/2019,268.72
4/2/2019,268.21
5/2/2019,266.31
6/2/2019,269.5
7/2/2019,269
8/2/2019,261.9
11/2/2019,257.14
12/2/2019,263.5
13/2/2019,263.8
14/2/2019,265.33
15/2/2019,271.13
19/2/2019,270.41
20/2/2019,269.51
21/2/2019,266.4
22/2/2019,267.11
25/2/2019,264.6
26/2/2019,262.98
27/2/2019,250.08
28/2/2019,242.22
1/3/2019,246.15
4/3/2019,236.02
5/3/2019,241.43
6/3/2019,239.07
7/3/2019,236.7
8/3/2019,237.29
11/3/2019,243.15
12/3/2019,245.88
13/3/2019,252.25
14/3/2019,253.27
15/3/2019,251.4
18/3/2019,255
19/3/2019,257.13
20/3/2019,250.5
21/3/2019,252.02
22/3/2019,247.09
25/3/2019,246.86
26/3/2019,243.39
27/3/2019,241.71
28/3/2019,242.23
29/3/2019,247.26
1/4/2019,245.54
2/4/2019,244.41
3/4/2019,245.84
4/4/2019,247.39
5/4/2019,248.78
8/4/2019,248.75
9/4/2019,248.79
10/4/2019,246.03
11/4/2019,235.42
12/4/2019,223.22
15/4/2019,230.2
16/4/2019,220.96
17/4/2019,216.84
18/4/2019,221.75
22/4/2019,227.11
23/4/2019,230.58
24/4/2019,230.35
25/4/2019,230.79
26/4/2019,237
29/4/2019,237.45
30/4/2019,233.07
1/5/2019,231.95
2/5/2019,232.45
3/5/2019,231.95
6/5/2019,240.5
7/5/2019,238.05
8/5/2019,239.15
9/5/2019,237.97
10/5/2019,240.59
13/5/2019,239.55
14/5/2019,236.43
15/5/2019,236.08
16/5/2019,236.79
17/5/2019,241.38
20/5/2019,245.99
21/5/2019,249.94
22/5/2019,249.34
23/5/2019,246.5
24/5/2019,247.63
28/5/2019,242.06
29/5/2019,242.4
30/5/2019,243.5
31/5/2019,241.8
3/6/2019,236.56
4/6/2019,240.76
5/6/2019,242.77
6/6/2019,241.82
7/6/2019,246.77
10/6/2019,248.14
11/6/2019,245.87
12/6/2019,244.5
13/6/2019,244.96
14/6/2019,245.37
17/6/2019,245.97
18/6/2019,245.7
19/6/2019,250.19
20/6/2019,247.76
21/6/2019,252.28
24/6/2019,249.64
25/6/2019,247.66
26/6/2019,243.47
27/6/2019,246.34
28/6/2019,244.01
1/7/2019,242.64
2/7/2019,243.97
3/7/2019,245.21
5/7/2019,246.99
8/7/2019,247.84
9/7/2019,246
10/7/2019,247.48
11/7/2019,261.16
12/7/2019,265.9
15/7/2019,265.96
16/7/2019,264.66
17/7/2019,266.65
18/7/2019,260.6
19/7/2019,256.65
22/7/2019,255.32
23/7/2019,255.01
24/7/2019,251.13
25/7/2019,248.7
26/7/2019,252.94
29/7/2019,253.82
30/7/2019,254.93
31/7/2019,249.01
1/8/2019,249.25
2/8/2019,250.05
5/8/2019,245.06
6/8/2019,248.28
7/8/2019,246.45
8/8/2019,247.62
9/8/2019,248.63
12/8/2019,243.2
13/8/2019,249.22
14/8/2019,243.2
15/8/2019,244.25
16/8/2019,245.69
19/8/2019,244.71
20/8/2019,240.16
21/8/2019,240.35
22/8/2019,232.94
23/8/2019,230.66
26/8/2019,231.08
27/8/2019,222.93
28/8/2019,227.35
29/8/2019,230.62
30/8/2019,234
3/9/2019,230.62
4/9/2019,226.73
5/9/2019,229.59
6/9/2019,229
9/9/2019,230.68
10/9/2019,232.46
11/9/2019,234.21
12/9/2019,230.1
13/9/2019,233.61
16/9/2019,234.43
17/9/2019,232.52
18/9/2019,230.61
19/9/2019,232.85
20/9/2019,232.89
23/9/2019,228.77
24/9/2019,225
25/9/2019,222.17
26/9/2019,215.48
27/9/2019,215.26
30/9/2019,217.32
1/10/2019,217.21
2/10/2019,216.75
3/10/2019,215.36
4/10/2019,219.8
7/10/2019,221.24
8/10/2019,220.11
9/10/2019,222.08
10/10/2019,223.73
11/10/2019,222.07
14/10/2019,220.59
15/10/2019,238.59
16/10/2019,236.99
17/10/2019,243.67
18/10/2019,245.34
21/10/2019,243.92
22/10/2019,249.48
23/10/2019,247.8
24/10/2019,244.51
25/10/2019,244.91
28/10/2019,247.05
29/10/2019,252.29
30/10/2019,254.8
31/10/2019,252.7
1/11/2019,252.21
4/11/2019,251.25
5/11/2019,250.3
6/11/2019,250.52
7/11/2019,256.46
8/11/2019,256.97
11/11/2019,254.09
12/11/2019,255.25
13/11/2019,253.57
14/11/2019,255.83
15/11/2019,269.4
18/11/2019,272.93
19/11/2019,274.23
20/11/2019,275.56
21/11/2019,276.55
22/11/2019,276.84
25/11/2019,282.67
26/11/2019,281.4
27/11/2019,280.67
29/11/2019,279.87
2/12/2019,279.66
3/12/2019,276.9
4/12/2019,279.32
5/12/2019,282
6/12/2019,280.19
9/12/2019,277.54
10/12/2019,279.52
11/12/2019,280.5
12/12/2019,283.61
13/12/2019,285.48
16/12/2019,292.03
17/12/2019,290.47
18/12/2019,292.9
19/12/2019,294.62
20/12/2019,292.59
23/12/2019,295.09
24/12/2019,294.54
26/12/2019,295.65
27/12/2019,295.97
30/12/2019,293.85
31/12/2019,293.98
2/1/2020,292.5
3/1/2020,289.54
6/1/2020,291.55
7/1/2020,289.79
8/1/2020,295.9
9/1/2020,294.22
10/1/2020,295.13
13/1/2020,285.85
14/1/2020,288.24
15/1/2020,296.41
16/1/2020,300.74
17/1/2020,298.47
21/1/2020,300.53
22/1/2020,300.59
23/1/2020,299.46
24/1/2020,292.81
27/1/2020,284.09
28/1/2020,285.87
29/1/2020,282.9
30/1/2020,280.98
31/1/2020,272.45
3/2/2020,274.02
4/2/2020,280.84
5/2/2020,295.73
6/2/2020,292.46
7/2/2020,289.22
10/2/2020,287.03
11/2/2020,290.79
12/2/2020,303.48
13/2/2020,302.2
14/2/2020,298.78
18/2/2020,302.14
19/2/2020,305.31
20/2/2020,302.13
21/2/2020,301.43
24/2/2020,277.79
25/2/2020,263.39
26/2/2020,263
27/2/2020,253.92
28/2/2020,254.96
2/3/2020,273.11
3/3/2020,261.4
4/3/2020,289.42
5/3/2020,282.96
6/3/2020,283.87
9/3/2020,273.44
10/3/2020,280
11/3/2020,277.78
12/3/2020,250.41
13/3/2020,272.04
16/3/2020,225.04
17/3/2020,244.22
18/3/2020,217.06
19/3/2020,219.8
20/3/2020,206.59
23/3/2020,194.86
24/3/2020,219.8
25/3/2020,234.49
26/3/2020,255.39
27/3/2020,242.45
30/3/2020,251.28
31/3/2020,249.38
1/4/2020,237.32
2/4/2020,240.44
3/4/2020,229.49
6/4/2020,248.34
7/4/2020,248.04
8/4/2020,267.83
9/4/2020,264.13
13/4/2020,263.51
14/4/2020,270.5
15/4/2020,281.68
16/4/2020,298.43
17/4/2020,290.56
20/4/2020,282.14
21/4/2020,274.19
22/4/2020,277.02
23/4/2020,285.33
24/4/2020,291.29
27/4/2020,293.98
28/4/2020,288.36
29/4/2020,287.65
30/4/2020,292.47
1/5/2020,284.51
4/5/2020,287.54
5/5/2020,293.04
6/5/2020,288.77
7/5/2020,285
8/5/2020,287
11/5/2020,288.69
12/5/2020,287.7
13/5/2020,278
14/5/2020,290.61
15/5/2020,290.96
18/5/2020,293.36
19/5/2020,289.05
20/5/2020,287.99
21/5/2020,286.91
22/5/2020,289.94
26/5/2020,294.89
27/5/2020,303.77
28/5/2020,303.97
29/5/2020,304.85
1/6/2020,305.93
2/6/2020,306.31
3/6/2020,305.35
4/6/2020,298.08
5/6/2020,311.85
8/6/2020,309.48
9/6/2020,309.21
10/6/2020,305.75
11/6/2020,283.73
12/6/2020,285.15
15/6/2020,286.28
16/6/2020,293
17/6/2020,292.6
18/6/2020,291.48
19/6/2020,291.24
22/6/2020,292.67
23/6/2020,297.6
24/6/2020,289.18
25/6/2020,296.22
26/6/2020,286.88
29/6/2020,289.76
30/6/2020,294.95
1/7/2020,297.73
2/7/2020,298.26
6/7/2020,302.81
7/7/2020,296.65
8/7/2020,298.36
9/7/2020,291.16
10/7/2020,291.23
13/7/2020,299.71
14/7/2020,308.52
15/7/2020,304.07
16/7/2020,307.15